Window_Idx,Window_Start_Date,Strategy_Name,Stock_A,Stock_B,Execution_Code
0,2020-12-31,Basic: Distance,ABNB,CPB,W00_BAS
0,2020-12-31,Basic: Distance,ABNB,BAX,W00_BAS
0,2020-12-31,Basic: Distance,ABNB,BMY,W00_BAS
0,2020-12-31,Basic: Distance,ABNB,AEE,W00_BAS
0,2020-12-31,Basic: Distance,ABNB,AMGN,W00_BAS
0,2020-12-31,Basic: Distance,ABNB,CNC,W00_BAS
0,2020-12-31,Basic: Distance,BAX,BIIB,W00_BAS
0,2020-12-31,Basic: Distance,ABNB,ARE,W00_BAS
0,2020-12-31,Basic: Distance,ABNB,LNT,W00_BAS
0,2020-12-31,Basic: Distance,ABNB,AON,W00_BAS
0,2020-12-31,Basic: Distance,ATO,BIIB,W00_BAS
0,2020-12-31,Basic: Distance,ABNB,CAH,W00_BAS
0,2020-12-31,Basic: Distance,ABNB,AMT,W00_BAS
0,2020-12-31,Basic: Distance,ABNB,ATO,W00_BAS
0,2020-12-31,Basic: Distance,ABNB,BIIB,W00_BAS
0,2020-12-31,Basic: Distance,ABNB,AEP,W00_BAS
0,2020-12-31,Basic: Distance,ABNB,BX,W00_BAS
0,2020-12-31,Basic: Distance,ABNB,BDX,W00_BAS
0,2020-12-31,Basic: Distance,ABNB,AZO,W00_BAS
0,2020-12-31,Basic: Distance,AEP,BIIB,W00_BAS
0,2020-12-31,Basic: Cointegration,BAX,BIIB,W00_BAS
0,2020-12-31,Basic: Cointegration,AON,BIIB,W00_BAS
0,2020-12-31,Basic: Cointegration,CPB,MMM,W00_BAS
0,2020-12-31,Basic: Cointegration,CPB,CPT,W00_BAS
0,2020-12-31,Basic: Cointegration,CPB,TECH,W00_BAS
0,2020-12-31,Basic: Cointegration,AKAM,AMCR,W00_BAS
0,2020-12-31,Basic: Cointegration,AKAM,AVGO,W00_BAS
0,2020-12-31,Basic: Cointegration,BIIB,CAT,W00_BAS
0,2020-12-31,Basic: Cointegration,CPB,SCHW,W00_BAS
0,2020-12-31,Basic: Cointegration,AKAM,AZO,W00_BAS
0,2020-12-31,Basic: Cointegration,BIIB,TECH,W00_BAS
0,2020-12-31,Basic: Cointegration,CPB,CRL,W00_BAS
0,2020-12-31,Basic: Cointegration,AXON,BIIB,W00_BAS
0,2020-12-31,Basic: Cointegration,AEP,CCL,W00_BAS
0,2020-12-31,Basic: Cointegration,AKAM,CVNA,W00_BAS
0,2020-12-31,Basic: Cointegration,CPB,CVNA,W00_BAS
0,2020-12-31,Basic: Cointegration,BIIB,CVNA,W00_BAS
0,2020-12-31,Basic: Cointegration,ARES,CARR,W00_BAS
0,2020-12-31,Basic: Cointegration,CPB,XYZ,W00_BAS
0,2020-12-31,Basic: Cointegration,CAH,CARR,W00_BAS
0,2020-12-31,Advance: SVM,CARR,CNC,W00_ADV
0,2020-12-31,Advance: SVM,APA,AWK,W00_ADV
0,2020-12-31,Advance: SVM,APA,TECH,W00_ADV
0,2020-12-31,Advance: SVM,APA,BIIB,W00_ADV
0,2020-12-31,Advance: SVM,BALL,CCL,W00_ADV
0,2020-12-31,Advance: SVM,AMZN,CCL,W00_ADV
0,2020-12-31,Advance: SVM,APTV,CPB,W00_ADV
0,2020-12-31,Advance: SVM,ALGN,CPB,W00_ADV
0,2020-12-31,Advance: SVM,ABT,CCL,W00_ADV
0,2020-12-31,Advance: SVM,AKAM,APA,W00_ADV
0,2020-12-31,Advance: SVM,BIIB,CCL,W00_ADV
0,2020-12-31,Advance: SVM,CARR,CPT,W00_ADV
0,2020-12-31,Advance: SVM,BLDR,CPB,W00_ADV
0,2020-12-31,Advance: SVM,BDX,BLDR,W00_ADV
0,2020-12-31,Advance: SVM,AMZN,BXP,W00_ADV
0,2020-12-31,Advance: SVM,CCL,CPB,W00_ADV
0,2020-12-31,Advance: SVM,AKAM,APTV,W00_ADV
0,2020-12-31,Advance: SVM,APA,CPB,W00_ADV
0,2020-12-31,Advance: SVM,ALB,BIIB,W00_ADV
0,2020-12-31,Advance: SVM,AKAM,CCL,W00_ADV
0,2020-12-31,Advance: Hybrid,ABNB,CPB,W00_ADV
0,2020-12-31,Advance: Hybrid,ABNB,BMY,W00_ADV
0,2020-12-31,Advance: Hybrid,ABNB,AMGN,W00_ADV
0,2020-12-31,Advance: Hybrid,ABNB,AEE,W00_ADV
0,2020-12-31,Advance: Hybrid,ABNB,ARE,W00_ADV
0,2020-12-31,Advance: Hybrid,ABNB,AMT,W00_ADV
0,2020-12-31,Advance: Hybrid,ABNB,LNT,W00_ADV
0,2020-12-31,Advance: Hybrid,ABNB,BAX,W00_ADV
0,2020-12-31,Advance: Hybrid,ABNB,CNC,W00_ADV
0,2020-12-31,Advance: Hybrid,ABNB,AON,W00_ADV
0,2020-12-31,Advance: Hybrid,ABNB,MMM,W00_ADV
0,2020-12-31,Advance: Hybrid,ABNB,ATO,W00_ADV
0,2020-12-31,Advance: Hybrid,ABNB,AEP,W00_ADV
0,2020-12-31,Advance: Hybrid,ABNB,AZO,W00_ADV
0,2020-12-31,Advance: Hybrid,ABNB,BF-B,W00_ADV
0,2020-12-31,Advance: Hybrid,ABNB,AOS,W00_ADV
0,2020-12-31,Advance: Hybrid,ABNB,BRK-B,W00_ADV
0,2020-12-31,Advance: Hybrid,ABNB,ADI,W00_ADV
0,2020-12-31,Advance: Hybrid,ABNB,BDX,W00_ADV
0,2020-12-31,Advance: Hybrid,ABNB,ADP,W00_ADV
0,2020-12-31,Advance: Copula,ABNB,CPB,W00_ADV
0,2020-12-31,Advance: Copula,ABNB,BAX,W00_ADV
0,2020-12-31,Advance: Copula,ABNB,BMY,W00_ADV
0,2020-12-31,Advance: Copula,ABNB,AEE,W00_ADV
0,2020-12-31,Advance: Copula,ABNB,AMGN,W00_ADV
0,2020-12-31,Advance: Copula,ABNB,CNC,W00_ADV
0,2020-12-31,Advance: Copula,BAX,BIIB,W00_ADV
0,2020-12-31,Advance: Copula,ABNB,ARE,W00_ADV
0,2020-12-31,Advance: Copula,ABNB,LNT,W00_ADV
0,2020-12-31,Advance: Copula,ABNB,AON,W00_ADV
0,2020-12-31,Advance: Copula,ATO,BIIB,W00_ADV
0,2020-12-31,Advance: Copula,ABNB,CAH,W00_ADV
0,2020-12-31,Advance: Copula,ABNB,AMT,W00_ADV
0,2020-12-31,Advance: Copula,ABNB,ATO,W00_ADV
0,2020-12-31,Advance: Copula,ABNB,BIIB,W00_ADV
0,2020-12-31,Advance: Copula,ABNB,AEP,W00_ADV
0,2020-12-31,Advance: Copula,ABNB,BX,W00_ADV
0,2020-12-31,Advance: Copula,ABNB,BDX,W00_ADV
0,2020-12-31,Advance: Copula,ABNB,AZO,W00_ADV
0,2020-12-31,Advance: Copula,AEP,BIIB,W00_ADV
0,2020-12-31,ML: RandomForest,BAX,BIIB,W00_ML:
0,2020-12-31,ML: RandomForest,AON,BIIB,W00_ML:
0,2020-12-31,ML: RandomForest,CPB,MMM,W00_ML:
0,2020-12-31,ML: RandomForest,CPB,CPT,W00_ML:
0,2020-12-31,ML: RandomForest,CPB,TECH,W00_ML:
0,2020-12-31,ML: RandomForest,AKAM,AMCR,W00_ML:
0,2020-12-31,ML: RandomForest,AKAM,AVGO,W00_ML:
0,2020-12-31,ML: RandomForest,BIIB,CAT,W00_ML:
0,2020-12-31,ML: RandomForest,CPB,SCHW,W00_ML:
0,2020-12-31,ML: RandomForest,AKAM,AZO,W00_ML:
0,2020-12-31,ML: RandomForest,BIIB,TECH,W00_ML:
0,2020-12-31,ML: RandomForest,CPB,CRL,W00_ML:
0,2020-12-31,ML: RandomForest,AXON,BIIB,W00_ML:
0,2020-12-31,ML: RandomForest,AEP,CCL,W00_ML:
0,2020-12-31,ML: RandomForest,AKAM,CVNA,W00_ML:
0,2020-12-31,ML: RandomForest,CPB,CVNA,W00_ML:
0,2020-12-31,ML: RandomForest,BIIB,CVNA,W00_ML:
0,2020-12-31,ML: RandomForest,ARES,CARR,W00_ML:
0,2020-12-31,ML: RandomForest,CPB,XYZ,W00_ML:
0,2020-12-31,ML: RandomForest,CAH,CARR,W00_ML:
0,2020-12-31,ML: MLP,ABNB,BMY,W00_ML:
0,2020-12-31,ML: MLP,ABNB,AEE,W00_ML:
0,2020-12-31,ML: MLP,ABNB,BIIB,W00_ML:
0,2020-12-31,ML: MLP,ABNB,AZO,W00_ML:
0,2020-12-31,ML: MLP,ABNB,APO,W00_ML:
0,2020-12-31,ML: MLP,ABNB,CPT,W00_ML:
0,2020-12-31,ML: MLP,ABNB,BRO,W00_ML:
0,2020-12-31,ML: MLP,ABNB,AIZ,W00_ML:
0,2020-12-31,ML: MLP,ABNB,ALLE,W00_ML:
0,2020-12-31,ML: MLP,ABNB,AMAT,W00_ML:
0,2020-12-31,ML: MLP,ABNB,AWK,W00_ML:
0,2020-12-31,ML: MLP,ABNB,CDW,W00_ML:
0,2020-12-31,ML: MLP,ABNB,AVB,W00_ML:
0,2020-12-31,ML: MLP,ABNB,CBRE,W00_ML:
0,2020-12-31,ML: MLP,ABNB,AFL,W00_ML:
0,2020-12-31,ML: MLP,ABNB,ACGL,W00_ML:
0,2020-12-31,ML: MLP,ABNB,BXP,W00_ML:
0,2020-12-31,ML: MLP,ABNB,CF,W00_ML:
0,2020-12-31,ML: MLP,ABNB,AIG,W00_ML:
0,2020-12-31,ML: MLP,ABNB,BA,W00_ML:
1,2021-07-02,Basic: Distance,AMZN,LNT,W01_BAS
1,2021-07-02,Basic: Distance,ADBE,LNT,W01_BAS
1,2021-07-02,Basic: Distance,AKAM,CNC,W01_BAS
1,2021-07-02,Basic: Distance,ADBE,AEE,W01_BAS
1,2021-07-02,Basic: Distance,ACGL,CDNS,W01_BAS
1,2021-07-02,Basic: Distance,AEP,APP,W01_BAS
1,2021-07-02,Basic: Distance,ADBE,AEP,W01_BAS
1,2021-07-02,Basic: Distance,AMZN,T,W01_BAS
1,2021-07-02,Basic: Distance,ADBE,T,W01_BAS
1,2021-07-02,Basic: Distance,AMZN,COR,W01_BAS
1,2021-07-02,Basic: Distance,APP,CPB,W01_BAS
1,2021-07-02,Basic: Distance,APP,ATO,W01_BAS
1,2021-07-02,Basic: Distance,AMZN,CAH,W01_BAS
1,2021-07-02,Basic: Distance,ADBE,COR,W01_BAS
1,2021-07-02,Basic: Distance,APP,T,W01_BAS
1,2021-07-02,Basic: Distance,ADBE,CAH,W01_BAS
1,2021-07-02,Basic: Distance,APP,CBOE,W01_BAS
1,2021-07-02,Basic: Distance,AMZN,MMM,W01_BAS
1,2021-07-02,Basic: Distance,BIIB,BSX,W01_BAS
1,2021-07-02,Basic: Distance,ADBE,MMM,W01_BAS
1,2021-07-02,Basic: Cointegration,AMZN,LNT,W01_BAS
1,2021-07-02,Basic: Cointegration,AMZN,T,W01_BAS
1,2021-07-02,Basic: Cointegration,AMZN,COR,W01_BAS
1,2021-07-02,Basic: Cointegration,APP,CPB,W01_BAS
1,2021-07-02,Basic: Cointegration,APP,ATO,W01_BAS
1,2021-07-02,Basic: Cointegration,AMZN,CAH,W01_BAS
1,2021-07-02,Basic: Cointegration,APP,T,W01_BAS
1,2021-07-02,Basic: Cointegration,APP,CBOE,W01_BAS
1,2021-07-02,Basic: Cointegration,AMZN,MMM,W01_BAS
1,2021-07-02,Basic: Cointegration,BIIB,BSX,W01_BAS
1,2021-07-02,Basic: Cointegration,APP,LNT,W01_BAS
1,2021-07-02,Basic: Cointegration,AMZN,MO,W01_BAS
1,2021-07-02,Basic: Cointegration,AMZN,AVB,W01_BAS
1,2021-07-02,Basic: Cointegration,AMZN,BXP,W01_BAS
1,2021-07-02,Basic: Cointegration,AMZN,CPT,W01_BAS
1,2021-07-02,Basic: Cointegration,APP,COR,W01_BAS
1,2021-07-02,Basic: Cointegration,APP,AZO,W01_BAS
1,2021-07-02,Basic: Cointegration,AMZN,ATO,W01_BAS
1,2021-07-02,Basic: Cointegration,AMZN,BK,W01_BAS
1,2021-07-02,Basic: Cointegration,APP,AVB,W01_BAS
1,2021-07-02,Advance: SVM,BIIB,BKR,W01_ADV
1,2021-07-02,Advance: SVM,AMD,BKR,W01_ADV
1,2021-07-02,Advance: SVM,AIG,AMZN,W01_ADV
1,2021-07-02,Advance: SVM,BIIB,CBRE,W01_ADV
1,2021-07-02,Advance: SVM,AMD,BAC,W01_ADV
1,2021-07-02,Advance: SVM,BIIB,CAT,W01_ADV
1,2021-07-02,Advance: SVM,APP,AVY,W01_ADV
1,2021-07-02,Advance: SVM,AMD,AXP,W01_ADV
1,2021-07-02,Advance: SVM,ABNB,AIZ,W01_ADV
1,2021-07-02,Advance: SVM,BIIB,SCHW,W01_ADV
1,2021-07-02,Advance: SVM,ABNB,ADM,W01_ADV
1,2021-07-02,Advance: SVM,AMZN,CAT,W01_ADV
1,2021-07-02,Advance: SVM,CBRE,CPB,W01_ADV
1,2021-07-02,Advance: SVM,ADBE,CAT,W01_ADV
1,2021-07-02,Advance: SVM,AXON,CNC,W01_ADV
1,2021-07-02,Advance: SVM,BIIB,CCL,W01_ADV
1,2021-07-02,Advance: SVM,AXP,CPB,W01_ADV
1,2021-07-02,Advance: SVM,AMZN,BAC,W01_ADV
1,2021-07-02,Advance: SVM,ABNB,AOS,W01_ADV
1,2021-07-02,Advance: SVM,AMD,BXP,W01_ADV
1,2021-07-02,Advance: Hybrid,ADBE,COR,W01_ADV
1,2021-07-02,Advance: Hybrid,AMZN,COR,W01_ADV
1,2021-07-02,Advance: Hybrid,ADBE,MMM,W01_ADV
1,2021-07-02,Advance: Hybrid,APP,T,W01_ADV
1,2021-07-02,Advance: Hybrid,AMZN,T,W01_ADV
1,2021-07-02,Advance: Hybrid,AMCR,APP,W01_ADV
1,2021-07-02,Advance: Hybrid,AMZN,MMM,W01_ADV
1,2021-07-02,Advance: Hybrid,ADBE,T,W01_ADV
1,2021-07-02,Advance: Hybrid,ADBE,BXP,W01_ADV
1,2021-07-02,Advance: Hybrid,BK,CHTR,W01_ADV
1,2021-07-02,Advance: Hybrid,AIZ,ANET,W01_ADV
1,2021-07-02,Advance: Hybrid,APP,AZO,W01_ADV
1,2021-07-02,Advance: Hybrid,ADBE,BK,W01_ADV
1,2021-07-02,Advance: Hybrid,AMZN,BXP,W01_ADV
1,2021-07-02,Advance: Hybrid,BK,CDNS,W01_ADV
1,2021-07-02,Advance: Hybrid,ADBE,CNC,W01_ADV
1,2021-07-02,Advance: Hybrid,BIIB,LNT,W01_ADV
1,2021-07-02,Advance: Hybrid,ADBE,ALL,W01_ADV
1,2021-07-02,Advance: Hybrid,AVB,BIIB,W01_ADV
1,2021-07-02,Advance: Hybrid,BIIB,BXP,W01_ADV
1,2021-07-02,Advance: Copula,AMZN,LNT,W01_ADV
1,2021-07-02,Advance: Copula,ADBE,LNT,W01_ADV
1,2021-07-02,Advance: Copula,AKAM,CNC,W01_ADV
1,2021-07-02,Advance: Copula,ADBE,AEE,W01_ADV
1,2021-07-02,Advance: Copula,ACGL,CDNS,W01_ADV
1,2021-07-02,Advance: Copula,AEP,APP,W01_ADV
1,2021-07-02,Advance: Copula,ADBE,AEP,W01_ADV
1,2021-07-02,Advance: Copula,AMZN,T,W01_ADV
1,2021-07-02,Advance: Copula,ADBE,T,W01_ADV
1,2021-07-02,Advance: Copula,AMZN,COR,W01_ADV
1,2021-07-02,Advance: Copula,APP,CPB,W01_ADV
1,2021-07-02,Advance: Copula,APP,ATO,W01_ADV
1,2021-07-02,Advance: Copula,AMZN,CAH,W01_ADV
1,2021-07-02,Advance: Copula,ADBE,COR,W01_ADV
1,2021-07-02,Advance: Copula,APP,T,W01_ADV
1,2021-07-02,Advance: Copula,ADBE,CAH,W01_ADV
1,2021-07-02,Advance: Copula,APP,CBOE,W01_ADV
1,2021-07-02,Advance: Copula,AMZN,MMM,W01_ADV
1,2021-07-02,Advance: Copula,BIIB,BSX,W01_ADV
1,2021-07-02,Advance: Copula,ADBE,MMM,W01_ADV
1,2021-07-02,ML: RandomForest,AMZN,LNT,W01_ML:
1,2021-07-02,ML: RandomForest,AMZN,T,W01_ML:
1,2021-07-02,ML: RandomForest,AMZN,COR,W01_ML:
1,2021-07-02,ML: RandomForest,APP,CPB,W01_ML:
1,2021-07-02,ML: RandomForest,APP,ATO,W01_ML:
1,2021-07-02,ML: RandomForest,AMZN,CAH,W01_ML:
1,2021-07-02,ML: RandomForest,APP,T,W01_ML:
1,2021-07-02,ML: RandomForest,APP,CBOE,W01_ML:
1,2021-07-02,ML: RandomForest,AMZN,MMM,W01_ML:
1,2021-07-02,ML: RandomForest,BIIB,BSX,W01_ML:
1,2021-07-02,ML: RandomForest,APP,LNT,W01_ML:
1,2021-07-02,ML: RandomForest,AMZN,MO,W01_ML:
1,2021-07-02,ML: RandomForest,AMZN,AVB,W01_ML:
1,2021-07-02,ML: RandomForest,AMZN,BXP,W01_ML:
1,2021-07-02,ML: RandomForest,AMZN,CPT,W01_ML:
1,2021-07-02,ML: RandomForest,APP,COR,W01_ML:
1,2021-07-02,ML: RandomForest,APP,AZO,W01_ML:
1,2021-07-02,ML: RandomForest,AMZN,ATO,W01_ML:
1,2021-07-02,ML: RandomForest,AMZN,BK,W01_ML:
1,2021-07-02,ML: RandomForest,APP,AVB,W01_ML:
1,2021-07-02,ML: MLP,AMZN,BXP,W01_ML:
1,2021-07-02,ML: MLP,BIIB,BXP,W01_ML:
1,2021-07-02,ML: MLP,AMZN,BK,W01_ML:
1,2021-07-02,ML: MLP,BIIB,BK,W01_ML:
1,2021-07-02,ML: MLP,ABNB,ALL,W01_ML:
1,2021-07-02,ML: MLP,AMZN,CF,W01_ML:
1,2021-07-02,ML: MLP,BIIB,CCL,W01_ML:
1,2021-07-02,ML: MLP,AMZN,CAT,W01_ML:
1,2021-07-02,ML: MLP,AMD,BK,W01_ML:
1,2021-07-02,ML: MLP,AMD,T,W01_ML:
1,2021-07-02,ML: MLP,BIIB,SCHW,W01_ML:
1,2021-07-02,ML: MLP,CVNA,MMM,W01_ML:
1,2021-07-02,ML: MLP,BIIB,COF,W01_ML:
2,2021-12-31,Basic: Distance,AMZN,BDX,W02_BAS
2,2021-12-31,Basic: Distance,AMZN,ATO,W02_BAS
2,2021-12-31,Basic: Distance,AMZN,BAX,W02_BAS
2,2021-12-31,Basic: Distance,AMZN,BMY,W02_BAS
2,2021-12-31,Basic: Distance,AIZ,AMT,W02_BAS
2,2021-12-31,Basic: Distance,ABT,ACGL,W02_BAS
2,2021-12-31,Basic: Distance,ADI,LNT,W02_BAS
2,2021-12-31,Basic: Distance,BDX,BKNG,W02_BAS
2,2021-12-31,Basic: Distance,ATO,BKNG,W02_BAS
2,2021-12-31,Basic: Distance,ADI,AEE,W02_BAS
2,2021-12-31,Basic: Distance,AES,MMM,W02_BAS
2,2021-12-31,Basic: Distance,AEE,BKNG,W02_BAS
2,2021-12-31,Basic: Distance,BA,BAX,W02_BAS
2,2021-12-31,Basic: Distance,AMZN,CAH,W02_BAS
2,2021-12-31,Basic: Distance,AMZN,T,W02_BAS
2,2021-12-31,Basic: Distance,BALL,CPB,W02_BAS
2,2021-12-31,Basic: Distance,ALGN,LNT,W02_BAS
2,2021-12-31,Basic: Distance,AMZN,MMM,W02_BAS
2,2021-12-31,Basic: Distance,ACGL,AMZN,W02_BAS
2,2021-12-31,Basic: Distance,ADSK,ATO,W02_BAS
2,2021-12-31,Basic: Cointegration,BDX,BKNG,W02_BAS
2,2021-12-31,Basic: Cointegration,ADSK,CPB,W02_BAS
2,2021-12-31,Basic: Cointegration,AES,AKAM,W02_BAS
2,2021-12-31,Basic: Cointegration,APTV,AWK,W02_BAS
2,2021-12-31,Basic: Cointegration,BDX,XYZ,W02_BAS
2,2021-12-31,Basic: Cointegration,ABT,T,W02_BAS
2,2021-12-31,Basic: Cointegration,AES,CPB,W02_BAS
2,2021-12-31,Basic: Cointegration,ADI,T,W02_BAS
2,2021-12-31,Basic: Cointegration,BDX,BKR,W02_BAS
2,2021-12-31,Basic: Cointegration,BBY,BDX,W02_BAS
2,2021-12-31,Basic: Cointegration,BDX,CCL,W02_BAS
2,2021-12-31,Basic: Cointegration,ABNB,BMY,W02_BAS
2,2021-12-31,Basic: Cointegration,ADI,CPB,W02_BAS
2,2021-12-31,Basic: Cointegration,ABNB,ALL,W02_BAS
2,2021-12-31,Basic: Cointegration,CAT,CPB,W02_BAS
2,2021-12-31,Basic: Cointegration,BDX,CVNA,W02_BAS
2,2021-12-31,Basic: Cointegration,AXON,CAT,W02_BAS
2,2021-12-31,Basic: Cointegration,BDX,BK,W02_BAS
2,2021-12-31,Basic: Cointegration,APTV,CPB,W02_BAS
2,2021-12-31,Basic: Cointegration,AMD,T,W02_BAS
2,2021-12-31,Advance: SVM,AXON,CNC,W02_ADV
2,2021-12-31,Advance: SVM,AXON,BAC,W02_ADV
2,2021-12-31,Advance: SVM,CRL,MMM,W02_ADV
2,2021-12-31,Advance: SVM,BG,CPB,W02_ADV
2,2021-12-31,Advance: SVM,AXON,MO,W02_ADV
2,2021-12-31,Advance: SVM,BAC,BDX,W02_ADV
2,2021-12-31,Advance: SVM,AMD,ATO,W02_ADV
2,2021-12-31,Advance: SVM,BIIB,BRO,W02_ADV
2,2021-12-31,Advance: SVM,ALB,ATO,W02_ADV
2,2021-12-31,Advance: SVM,AIG,AMZN,W02_ADV
2,2021-12-31,Advance: SVM,ABNB,CNC,W02_ADV
2,2021-12-31,Advance: SVM,APP,MO,W02_ADV
2,2021-12-31,Advance: SVM,AMD,BAX,W02_ADV
2,2021-12-31,Advance: SVM,ADBE,MMM,W02_ADV
2,2021-12-31,Advance: SVM,AXON,AZO,W02_ADV
2,2021-12-31,Advance: SVM,CF,CPB,W02_ADV
2,2021-12-31,Advance: SVM,AMD,MMM,W02_ADV
2,2021-12-31,Advance: SVM,AVY,CPB,W02_ADV
2,2021-12-31,Advance: SVM,ALB,BAX,W02_ADV
2,2021-12-31,Advance: SVM,CVNA,MO,W02_ADV
2,2021-12-31,Advance: Hybrid,AMZN,ATO,W02_ADV
2,2021-12-31,Advance: Hybrid,ADI,LNT,W02_ADV
2,2021-12-31,Advance: Hybrid,BDX,BKNG,W02_ADV
2,2021-12-31,Advance: Hybrid,ADSK,CPB,W02_ADV
2,2021-12-31,Advance: Hybrid,ADI,AEE,W02_ADV
2,2021-12-31,Advance: Hybrid,AMT,BK,W02_ADV
2,2021-12-31,Advance: Hybrid,ABT,BKR,W02_ADV
2,2021-12-31,Advance: Hybrid,BA,CPB,W02_ADV
2,2021-12-31,Advance: Hybrid,BKNG,CPB,W02_ADV
2,2021-12-31,Advance: Hybrid,AMZN,T,W02_ADV
2,2021-12-31,Advance: Hybrid,APTV,LNT,W02_ADV
2,2021-12-31,Advance: Hybrid,BKR,LNT,W02_ADV
2,2021-12-31,Advance: Hybrid,BA,BDX,W02_ADV
2,2021-12-31,Advance: Hybrid,APTV,AWK,W02_ADV
2,2021-12-31,Advance: Hybrid,AWK,BKR,W02_ADV
2,2021-12-31,Advance: Hybrid,AEE,BKR,W02_ADV
2,2021-12-31,Advance: Hybrid,ADBE,ALL,W02_ADV
2,2021-12-31,Advance: Hybrid,T,XYZ,W02_ADV
2,2021-12-31,Advance: Hybrid,AKAM,CNC,W02_ADV
2,2021-12-31,Advance: Hybrid,ADI,ATO,W02_ADV
2,2021-12-31,Advance: Copula,AMZN,BDX,W02_ADV
2,2021-12-31,Advance: Copula,AMZN,ATO,W02_ADV
2,2021-12-31,Advance: Copula,AMZN,BAX,W02_ADV
2,2021-12-31,Advance: Copula,AMZN,BMY,W02_ADV
2,2021-12-31,Advance: Copula,AIZ,AMT,W02_ADV
2,2021-12-31,Advance: Copula,ABT,ACGL,W02_ADV
2,2021-12-31,Advance: Copula,ADI,LNT,W02_ADV
2,2021-12-31,Advance: Copula,BDX,BKNG,W02_ADV
2,2021-12-31,Advance: Copula,ATO,BKNG,W02_ADV
2,2021-12-31,Advance: Copula,ADI,AEE,W02_ADV
2,2021-12-31,Advance: Copula,AES,MMM,W02_ADV
2,2021-12-31,Advance: Copula,AEE,BKNG,W02_ADV
2,2021-12-31,Advance: Copula,BA,BAX,W02_ADV
2,2021-12-31,Advance: Copula,AMZN,CAH,W02_ADV
2,2021-12-31,Advance: Copula,AMZN,T,W02_ADV
2,2021-12-31,Advance: Copula,BALL,CPB,W02_ADV
2,2021-12-31,Advance: Copula,ALGN,LNT,W02_ADV
2,2021-12-31,Advance: Copula,AMZN,MMM,W02_ADV
2,2021-12-31,Advance: Copula,ACGL,AMZN,W02_ADV
2,2021-12-31,Advance: Copula,ADSK,ATO,W02_ADV
2,2021-12-31,ML: RandomForest,BDX,BKNG,W02_ML:
2,2021-12-31,ML: RandomForest,ADSK,CPB,W02_ML:
2,2021-12-31,ML: RandomForest,AES,AKAM,W02_ML:
2,2021-12-31,ML: RandomForest,APTV,AWK,W02_ML:
2,2021-12-31,ML: RandomForest,BDX,XYZ,W02_ML:
2,2021-12-31,ML: RandomForest,ABT,T,W02_ML:
2,2021-12-31,ML: RandomForest,AES,CPB,W02_ML:
2,2021-12-31,ML: RandomForest,ADI,T,W02_ML:
2,2021-12-31,ML: RandomForest,BDX,BKR,W02_ML:
2,2021-12-31,ML: RandomForest,BBY,BDX,W02_ML:
2,2021-12-31,ML: RandomForest,BDX,CCL,W02_ML:
2,2021-12-31,ML: RandomForest,ABNB,BMY,W02_ML:
2,2021-12-31,ML: RandomForest,ADI,CPB,W02_ML:
2,2021-12-31,ML: RandomForest,ABNB,ALL,W02_ML:
2,2021-12-31,ML: RandomForest,CAT,CPB,W02_ML:
2,2021-12-31,ML: RandomForest,BDX,CVNA,W02_ML:
2,2021-12-31,ML: RandomForest,AXON,CAT,W02_ML:
2,2021-12-31,ML: RandomForest,BDX,BK,W02_ML:
2,2021-12-31,ML: RandomForest,APTV,CPB,W02_ML:
2,2021-12-31,ML: RandomForest,AMD,T,W02_ML:
2,2021-12-31,ML: MLP,ADSK,CPB,W02_ML:
2,2021-12-31,ML: MLP,AES,CPB,W02_ML:
2,2021-12-31,ML: MLP,ABNB,AEP,W02_ML:
2,2021-12-31,ML: MLP,ABNB,LNT,W02_ML:
2,2021-12-31,ML: MLP,BDX,CCL,W02_ML:
2,2021-12-31,ML: MLP,ADI,CPB,W02_ML:
2,2021-12-31,ML: MLP,ALGN,CPB,W02_ML:
2,2021-12-31,ML: MLP,APTV,CPB,W02_ML:
2,2021-12-31,ML: MLP,AMD,T,W02_ML:
2,2021-12-31,ML: MLP,AMT,COF,W02_ML:
2,2021-12-31,ML: MLP,AXON,CPB,W02_ML:
2,2021-12-31,ML: MLP,AMAT,LNT,W02_ML:
2,2021-12-31,ML: MLP,AEE,AMAT,W02_ML:
2,2021-12-31,ML: MLP,ALB,CPB,W02_ML:
2,2021-12-31,ML: MLP,AMAT,ATO,W02_ML:
2,2021-12-31,ML: MLP,CPB,GOOG,W02_ML:
3,2022-07-05,Basic: Distance,AKAM,CAT,W03_BAS
3,2022-07-05,Basic: Distance,AEP,CHRW,W03_BAS
3,2022-07-05,Basic: Distance,CHRW,LNT,W03_BAS
3,2022-07-05,Basic: Distance,AEE,CHRW,W03_BAS
3,2022-07-05,Basic: Distance,CAT,CPB,W03_BAS
3,2022-07-05,Basic: Distance,BAX,BKNG,W03_BAS
3,2022-07-05,Basic: Distance,CHRW,CNC,W03_BAS
3,2022-07-05,Basic: Distance,BDX,CHRW,W03_BAS
3,2022-07-05,Basic: Distance,AFL,CHRW,W03_BAS
3,2022-07-05,Basic: Distance,BAX,CAT,W03_BAS
3,2022-07-05,Basic: Distance,AMAT,BAX,W03_BAS
3,2022-07-05,Basic: Distance,AMT,CAT,W03_BAS
3,2022-07-05,Basic: Distance,BDX,CAT,W03_BAS
3,2022-07-05,Basic: Distance,CHRW,CNP,W03_BAS
3,2022-07-05,Basic: Distance,BSX,CPB,W03_BAS
3,2022-07-05,Basic: Distance,BDX,BKNG,W03_BAS
3,2022-07-05,Basic: Distance,ADI,BDX,W03_BAS
3,2022-07-05,Basic: Distance,AWK,BKNG,W03_BAS
3,2022-07-05,Basic: Distance,ADI,T,W03_BAS
3,2022-07-05,Basic: Distance,ADI,CPB,W03_BAS
3,2022-07-05,Basic: Cointegration,ADI,CPB,W03_BAS
3,2022-07-05,Basic: Cointegration,CBOE,CPB,W03_BAS
3,2022-07-05,Basic: Cointegration,CDW,CPB,W03_BAS
3,2022-07-05,Basic: Cointegration,AES,CPB,W03_BAS
3,2022-07-05,Basic: Cointegration,AMGN,CBOE,W03_BAS
3,2022-07-05,Basic: Cointegration,CPB,GOOG,W03_BAS
3,2022-07-05,Basic: Cointegration,BMY,CBOE,W03_BAS
3,2022-07-05,Basic: Cointegration,A,CPB,W03_BAS
3,2022-07-05,Basic: Cointegration,CPB,GOOGL,W03_BAS
3,2022-07-05,Basic: Cointegration,CPB,TECH,W03_BAS
3,2022-07-05,Basic: Cointegration,BLK,CPB,W03_BAS
3,2022-07-05,Basic: Cointegration,BDX,BG,W03_BAS
3,2022-07-05,Basic: Cointegration,ADBE,CPB,W03_BAS
3,2022-07-05,Basic: Cointegration,APTV,CPB,W03_BAS
3,2022-07-05,Basic: Cointegration,CPB,CRL,W03_BAS
3,2022-07-05,Basic: Cointegration,BDX,BKR,W03_BAS
3,2022-07-05,Basic: Cointegration,AXON,CPB,W03_BAS
3,2022-07-05,Basic: Cointegration,AEE,APTV,W03_BAS
3,2022-07-05,Basic: Cointegration,BX,CPB,W03_BAS
3,2022-07-05,Basic: Cointegration,AEP,APTV,W03_BAS
3,2022-07-05,Advance: SVM,CVNA,LNT,W03_ADV
3,2022-07-05,Advance: SVM,APP,BG,W03_ADV
3,2022-07-05,Advance: SVM,CVNA,MO,W03_ADV
3,2022-07-05,Advance: SVM,CAT,CVNA,W03_ADV
3,2022-07-05,Advance: SVM,APP,BKR,W03_ADV
3,2022-07-05,Advance: SVM,APP,MO,W03_ADV
3,2022-07-05,Advance: SVM,ALGN,LNT,W03_ADV
3,2022-07-05,Advance: SVM,BKR,GOOG,W03_ADV
3,2022-07-05,Advance: SVM,APP,COR,W03_ADV
3,2022-07-05,Advance: SVM,BKR,TECH,W03_ADV
3,2022-07-05,Advance: SVM,AMD,MO,W03_ADV
3,2022-07-05,Advance: SVM,ALGN,MO,W03_ADV
3,2022-07-05,Advance: SVM,BKR,CRL,W03_ADV
3,2022-07-05,Advance: SVM,ALL,CVNA,W03_ADV
3,2022-07-05,Advance: SVM,APP,CAH,W03_ADV
3,2022-07-05,Advance: SVM,ABNB,MO,W03_ADV
3,2022-07-05,Advance: SVM,APP,CNP,W03_ADV
3,2022-07-05,Advance: SVM,BKNG,CF,W03_ADV
3,2022-07-05,Advance: SVM,ADBE,T,W03_ADV
3,2022-07-05,Advance: SVM,BKR,XYZ,W03_ADV
3,2022-07-05,Advance: Hybrid,BDX,CHRW,W03_ADV
3,2022-07-05,Advance: Hybrid,BDX,CAT,W03_ADV
3,2022-07-05,Advance: Hybrid,AWK,BAC,W03_ADV
3,2022-07-05,Advance: Hybrid,BDX,BKNG,W03_ADV
3,2022-07-05,Advance: Hybrid,ADI,CPB,W03_ADV
3,2022-07-05,Advance: Hybrid,AXP,CPB,W03_ADV
3,2022-07-05,Advance: Hybrid,BKNG,LNT,W03_ADV
3,2022-07-05,Advance: Hybrid,GOOGL,MO,W03_ADV
3,2022-07-05,Advance: Hybrid,ADI,MO,W03_ADV
3,2022-07-05,Advance: Hybrid,AWK,CAT,W03_ADV
3,2022-07-05,Advance: Hybrid,GOOG,MO,W03_ADV
3,2022-07-05,Advance: Hybrid,BKNG,CPB,W03_ADV
3,2022-07-05,Advance: Hybrid,AMGN,CHRW,W03_ADV
3,2022-07-05,Advance: Hybrid,BKNG,CHRW,W03_ADV
3,2022-07-05,Advance: Hybrid,AEE,BKNG,W03_ADV
3,2022-07-05,Advance: Hybrid,ABNB,BAX,W03_ADV
3,2022-07-05,Advance: Hybrid,CDNS,MO,W03_ADV
3,2022-07-05,Advance: Hybrid,AES,CPB,W03_ADV
3,2022-07-05,Advance: Hybrid,CPB,GOOG,W03_ADV
3,2022-07-05,Advance: Hybrid,CPB,GOOGL,W03_ADV
3,2022-07-05,Advance: Copula,AKAM,CAT,W03_ADV
3,2022-07-05,Advance: Copula,AEP,CHRW,W03_ADV
3,2022-07-05,Advance: Copula,CHRW,LNT,W03_ADV
3,2022-07-05,Advance: Copula,AEE,CHRW,W03_ADV
3,2022-07-05,Advance: Copula,CAT,CPB,W03_ADV
3,2022-07-05,Advance: Copula,BAX,BKNG,W03_ADV
3,2022-07-05,Advance: Copula,CHRW,CNC,W03_ADV
3,2022-07-05,Advance: Copula,BDX,CHRW,W03_ADV
3,2022-07-05,Advance: Copula,AFL,CHRW,W03_ADV
3,2022-07-05,Advance: Copula,BAX,CAT,W03_ADV
3,2022-07-05,Advance: Copula,AMAT,BAX,W03_ADV
3,2022-07-05,Advance: Copula,AMT,CAT,W03_ADV
3,2022-07-05,Advance: Copula,BDX,CAT,W03_ADV
3,2022-07-05,Advance: Copula,CHRW,CNP,W03_ADV
3,2022-07-05,Advance: Copula,BSX,CPB,W03_ADV
3,2022-07-05,Advance: Copula,BDX,BKNG,W03_ADV
3,2022-07-05,Advance: Copula,ADI,BDX,W03_ADV
3,2022-07-05,Advance: Copula,AWK,BKNG,W03_ADV
3,2022-07-05,Advance: Copula,ADI,T,W03_ADV
3,2022-07-05,Advance: Copula,ADI,CPB,W03_ADV
3,2022-07-05,ML: RandomForest,ADI,CPB,W03_ML:
3,2022-07-05,ML: RandomForest,CBOE,CPB,W03_ML:
3,2022-07-05,ML: RandomForest,CDW,CPB,W03_ML:
3,2022-07-05,ML: RandomForest,AES,CPB,W03_ML:
3,2022-07-05,ML: RandomForest,AMGN,CBOE,W03_ML:
3,2022-07-05,ML: RandomForest,CPB,GOOG,W03_ML:
3,2022-07-05,ML: RandomForest,BMY,CBOE,W03_ML:
3,2022-07-05,ML: RandomForest,A,CPB,W03_ML:
3,2022-07-05,ML: RandomForest,CPB,GOOGL,W03_ML:
3,2022-07-05,ML: RandomForest,CPB,TECH,W03_ML:
3,2022-07-05,ML: RandomForest,BLK,CPB,W03_ML:
3,2022-07-05,ML: RandomForest,BDX,BG,W03_ML:
3,2022-07-05,ML: RandomForest,ADBE,CPB,W03_ML:
3,2022-07-05,ML: RandomForest,APTV,CPB,W03_ML:
3,2022-07-05,ML: RandomForest,CPB,CRL,W03_ML:
3,2022-07-05,ML: RandomForest,BDX,BKR,W03_ML:
3,2022-07-05,ML: RandomForest,AXON,CPB,W03_ML:
3,2022-07-05,ML: RandomForest,AEE,APTV,W03_ML:
3,2022-07-05,ML: RandomForest,BX,CPB,W03_ML:
3,2022-07-05,ML: RandomForest,AEP,APTV,W03_ML:
3,2022-07-05,ML: MLP,ADI,CPB,W03_ML:
3,2022-07-05,ML: MLP,CPB,GOOG,W03_ML:
3,2022-07-05,ML: MLP,CPB,GOOGL,W03_ML:
3,2022-07-05,ML: MLP,CPB,TECH,W03_ML:
3,2022-07-05,ML: MLP,AMZN,CPB,W03_ML:
3,2022-07-05,ML: MLP,ADBE,CPB,W03_ML:
3,2022-07-05,ML: MLP,BA,CPB,W03_ML:
3,2022-07-05,ML: MLP,BDX,BKR,W03_ML:
3,2022-07-05,ML: MLP,AXON,CPB,W03_ML:
3,2022-07-05,ML: MLP,ALGN,CPB,W03_ML:
3,2022-07-05,ML: MLP,APP,CPB,W03_ML:
3,2022-07-05,ML: MLP,AEE,APP,W03_ML:
3,2022-07-05,ML: MLP,ALB,CPB,W03_ML:
3,2022-07-05,ML: MLP,AEP,APP,W03_ML:
3,2022-07-05,ML: MLP,CPB,XYZ,W03_ML:
3,2022-07-05,ML: MLP,AEE,CF,W03_ML:
3,2022-07-05,ML: MLP,ADBE,BKR,W03_ML:
3,2022-07-05,ML: MLP,BDX,CF,W03_ML:
3,2022-07-05,ML: MLP,CPB,CVNA,W03_ML:
3,2022-07-05,ML: MLP,ADM,APP,W03_ML:
4,2023-01-03,Basic: Distance,CHRW,LNT,W04_BAS
4,2023-01-03,Basic: Distance,CHRW,CNC,W04_BAS
4,2023-01-03,Basic: Distance,CBOE,CHRW,W04_BAS
4,2023-01-03,Basic: Distance,ABBV,BG,W04_BAS
4,2023-01-03,Basic: Distance,AON,MO,W04_BAS
4,2023-01-03,Basic: Distance,BG,T,W04_BAS
4,2023-01-03,Basic: Distance,ADM,BMY,W04_BAS
4,2023-01-03,Basic: Distance,CAT,CNC,W04_BAS
4,2023-01-03,Basic: Distance,AIZ,BG,W04_BAS
4,2023-01-03,Basic: Distance,CAT,CBOE,W04_BAS
4,2023-01-03,Basic: Distance,AIZ,CHRW,W04_BAS
4,2023-01-03,Basic: Distance,AZO,CHRW,W04_BAS
4,2023-01-03,Basic: Distance,BKNG,LNT,W04_BAS
4,2023-01-03,Basic: Distance,BA,BAX,W04_BAS
4,2023-01-03,Basic: Distance,ABBV,CAT,W04_BAS
4,2023-01-03,Basic: Distance,BG,BMY,W04_BAS
4,2023-01-03,Basic: Distance,ALB,AMGN,W04_BAS
4,2023-01-03,Basic: Distance,ADI,MO,W04_BAS
4,2023-01-03,Basic: Distance,BG,CPB,W04_BAS
4,2023-01-03,Basic: Distance,ANET,BAX,W04_BAS
4,2023-01-03,Basic: Cointegration,CHRW,LNT,W04_BAS
4,2023-01-03,Basic: Cointegration,CDNS,MO,W04_BAS
4,2023-01-03,Basic: Cointegration,AVGO,MO,W04_BAS
4,2023-01-03,Basic: Cointegration,CBOE,CPB,W04_BAS
4,2023-01-03,Basic: Cointegration,AIZ,BIIB,W04_BAS
4,2023-01-03,Basic: Cointegration,ALLE,BG,W04_BAS
4,2023-01-03,Basic: Cointegration,AWK,BG,W04_BAS
4,2023-01-03,Basic: Cointegration,CDNS,CPB,W04_BAS
4,2023-01-03,Basic: Cointegration,BLDR,MO,W04_BAS
4,2023-01-03,Basic: Cointegration,BX,CPB,W04_BAS
4,2023-01-03,Basic: Cointegration,ADSK,BG,W04_BAS
4,2023-01-03,Basic: Cointegration,CPB,GOOG,W04_BAS
4,2023-01-03,Basic: Cointegration,CPB,GOOGL,W04_BAS
4,2023-01-03,Basic: Cointegration,BLDR,CPB,W04_BAS
4,2023-01-03,Basic: Cointegration,ACN,CPB,W04_BAS
4,2023-01-03,Basic: Cointegration,ALLE,BKR,W04_BAS
4,2023-01-03,Basic: Cointegration,AWK,BKR,W04_BAS
4,2023-01-03,Basic: Cointegration,BLDR,BMY,W04_BAS
4,2023-01-03,Basic: Cointegration,ADSK,BMY,W04_BAS
4,2023-01-03,Basic: Cointegration,APA,AZO,W04_BAS
4,2023-01-03,Advance: SVM,APP,ATO,W04_ADV
4,2023-01-03,Advance: SVM,BKR,CRL,W04_ADV
4,2023-01-03,Advance: SVM,CF,TECH,W04_ADV
4,2023-01-03,Advance: SVM,CVNA,LNT,W04_ADV
4,2023-01-03,Advance: SVM,AXON,MO,W04_ADV
4,2023-01-03,Advance: SVM,ABNB,AEP,W04_ADV
4,2023-01-03,Advance: SVM,APP,MO,W04_ADV
4,2023-01-03,Advance: SVM,AXON,BMY,W04_ADV
4,2023-01-03,Advance: SVM,ABNB,ATO,W04_ADV
4,2023-01-03,Advance: SVM,APP,LNT,W04_ADV
4,2023-01-03,Advance: SVM,APP,BG,W04_ADV
4,2023-01-03,Advance: SVM,AXON,BG,W04_ADV
4,2023-01-03,Advance: SVM,CF,XYZ,W04_ADV
4,2023-01-03,Advance: SVM,CF,T,W04_ADV
4,2023-01-03,Advance: SVM,CVNA,MO,W04_ADV
4,2023-01-03,Advance: SVM,BKR,CNC,W04_ADV
4,2023-01-03,Advance: SVM,AXON,T,W04_ADV
4,2023-01-03,Advance: SVM,APA,CNC,W04_ADV
4,2023-01-03,Advance: SVM,APP,COR,W04_ADV
4,2023-01-03,Advance: SVM,ADM,ALGN,W04_ADV
4,2023-01-03,Advance: Hybrid,CBOE,MO,W04_ADV
4,2023-01-03,Advance: Hybrid,BG,BMY,W04_ADV
4,2023-01-03,Advance: Hybrid,CBOE,T,W04_ADV
4,2023-01-03,Advance: Hybrid,CAT,CPB,W04_ADV
4,2023-01-03,Advance: Hybrid,ALB,MO,W04_ADV
4,2023-01-03,Advance: Hybrid,ANET,BAX,W04_ADV
4,2023-01-03,Advance: Hybrid,ALB,CPB,W04_ADV
4,2023-01-03,Advance: Hybrid,BKR,BMY,W04_ADV
4,2023-01-03,Advance: Hybrid,BIIB,MO,W04_ADV
4,2023-01-03,Advance: Hybrid,ABBV,ALB,W04_ADV
4,2023-01-03,Advance: Hybrid,ALB,BMY,W04_ADV
4,2023-01-03,Advance: Hybrid,BMY,CF,W04_ADV
4,2023-01-03,Advance: Hybrid,CDNS,MO,W04_ADV
4,2023-01-03,Advance: Hybrid,CF,CPB,W04_ADV
4,2023-01-03,Advance: Hybrid,AMGN,CHRW,W04_ADV
4,2023-01-03,Advance: Hybrid,AMGN,BKR,W04_ADV
4,2023-01-03,Advance: Hybrid,BG,BIIB,W04_ADV
4,2023-01-03,Advance: Hybrid,AXON,LNT,W04_ADV
4,2023-01-03,Advance: Hybrid,AKAM,MO,W04_ADV
4,2023-01-03,Advance: Hybrid,ANET,MO,W04_ADV
4,2023-01-03,Advance: Copula,CHRW,LNT,W04_ADV
4,2023-01-03,Advance: Copula,CHRW,CNC,W04_ADV
4,2023-01-03,Advance: Copula,CBOE,CHRW,W04_ADV
4,2023-01-03,Advance: Copula,ABBV,BG,W04_ADV
4,2023-01-03,Advance: Copula,AON,MO,W04_ADV
4,2023-01-03,Advance: Copula,BG,T,W04_ADV
4,2023-01-03,Advance: Copula,ADM,BMY,W04_ADV
4,2023-01-03,Advance: Copula,CAT,CNC,W04_ADV
4,2023-01-03,Advance: Copula,AIZ,BG,W04_ADV
4,2023-01-03,Advance: Copula,CAT,CBOE,W04_ADV
4,2023-01-03,Advance: Copula,AIZ,CHRW,W04_ADV
4,2023-01-03,Advance: Copula,AZO,CHRW,W04_ADV
4,2023-01-03,Advance: Copula,BKNG,LNT,W04_ADV
4,2023-01-03,Advance: Copula,BA,BAX,W04_ADV
4,2023-01-03,Advance: Copula,ABBV,CAT,W04_ADV
4,2023-01-03,Advance: Copula,BG,BMY,W04_ADV
4,2023-01-03,Advance: Copula,ALB,AMGN,W04_ADV
4,2023-01-03,Advance: Copula,ADI,MO,W04_ADV
4,2023-01-03,Advance: Copula,BG,CPB,W04_ADV
4,2023-01-03,Advance: Copula,ANET,BAX,W04_ADV
4,2023-01-03,ML: RandomForest,CHRW,LNT,W04_ML:
4,2023-01-03,ML: RandomForest,CDNS,MO,W04_ML:
4,2023-01-03,ML: RandomForest,AVGO,MO,W04_ML:
4,2023-01-03,ML: RandomForest,CBOE,CPB,W04_ML:
4,2023-01-03,ML: RandomForest,AIZ,BIIB,W04_ML:
4,2023-01-03,ML: RandomForest,ALLE,BG,W04_ML:
4,2023-01-03,ML: RandomForest,AWK,BG,W04_ML:
4,2023-01-03,ML: RandomForest,CDNS,CPB,W04_ML:
4,2023-01-03,ML: RandomForest,BLDR,MO,W04_ML:
4,2023-01-03,ML: RandomForest,BX,CPB,W04_ML:
4,2023-01-03,ML: RandomForest,ADSK,BG,W04_ML:
4,2023-01-03,ML: RandomForest,CPB,GOOG,W04_ML:
4,2023-01-03,ML: RandomForest,CPB,GOOGL,W04_ML:
4,2023-01-03,ML: RandomForest,BLDR,CPB,W04_ML:
4,2023-01-03,ML: RandomForest,ACN,CPB,W04_ML:
4,2023-01-03,ML: RandomForest,ALLE,BKR,W04_ML:
4,2023-01-03,ML: RandomForest,AWK,BKR,W04_ML:
4,2023-01-03,ML: RandomForest,BLDR,BMY,W04_ML:
4,2023-01-03,ML: RandomForest,ADSK,BMY,W04_ML:
4,2023-01-03,ML: RandomForest,APA,AZO,W04_ML:
4,2023-01-03,ML: MLP,ADI,CPB,W04_ML:
4,2023-01-03,ML: MLP,CDNS,CPB,W04_ML:
4,2023-01-03,ML: MLP,AXON,CPB,W04_ML:
4,2023-01-03,ML: MLP,ADBE,MO,W04_ML:
4,2023-01-03,ML: MLP,BX,CPB,W04_ML:
4,2023-01-03,ML: MLP,CPB,GOOG,W04_ML:
4,2023-01-03,ML: MLP,CPB,GOOGL,W04_ML:
4,2023-01-03,ML: MLP,AMGN,APA,W04_ML:
4,2023-01-03,ML: MLP,ABBV,ABNB,W04_ML:
4,2023-01-03,ML: MLP,ADSK,CPB,W04_ML:
4,2023-01-03,ML: MLP,AMZN,CPB,W04_ML:
4,2023-01-03,ML: MLP,ABNB,CPB,W04_ML:
4,2023-01-03,ML: MLP,AMAT,CPB,W04_ML:
4,2023-01-03,ML: MLP,AMD,CPB,W04_ML:
4,2023-01-03,ML: MLP,AWK,CF,W04_ML:
4,2023-01-03,ML: MLP,CCL,CPB,W04_ML:
4,2023-01-03,ML: MLP,APP,MO,W04_ML:
4,2023-01-03,ML: MLP,ALGN,CPB,W04_ML:
4,2023-01-03,ML: MLP,APP,BG,W04_ML:
4,2023-01-03,ML: MLP,CF,CRL,W04_ML:
5,2023-07-06,Basic: Distance,ADP,BG,W05_BAS
5,2023-07-06,Basic: Distance,BMY,CRL,W05_BAS
5,2023-07-06,Basic: Distance,BG,CPB,W05_BAS
5,2023-07-06,Basic: Distance,CBOE,CPB,W05_BAS
5,2023-07-06,Basic: Distance,AZO,BG,W05_BAS
5,2023-07-06,Basic: Distance,BBY,BG,W05_BAS
5,2023-07-06,Basic: Distance,AON,CPB,W05_BAS
5,2023-07-06,Basic: Distance,AOS,CBOE,W05_BAS
5,2023-07-06,Basic: Distance,AVY,CPB,W05_BAS
5,2023-07-06,Basic: Distance,BRK-B,CPB,W05_BAS
5,2023-07-06,Basic: Distance,ADSK,MO,W05_BAS
5,2023-07-06,Basic: Distance,BK,CPB,W05_BAS
5,2023-07-06,Basic: Distance,BLK,CPB,W05_BAS
5,2023-07-06,Basic: Distance,BMY,TECH,W05_BAS
5,2023-07-06,Basic: Distance,A,CPB,W05_BAS
5,2023-07-06,Basic: Distance,BMY,BX,W05_BAS
5,2023-07-06,Basic: Distance,BMY,COF,W05_BAS
5,2023-07-06,Basic: Distance,AMGN,CRL,W05_BAS
5,2023-07-06,Basic: Distance,CRL,LNT,W05_BAS
5,2023-07-06,Basic: Distance,ALLE,CPB,W05_BAS
5,2023-07-06,Basic: Cointegration,ADSK,MO,W05_BAS
5,2023-07-06,Basic: Cointegration,ADSK,CBOE,W05_BAS
5,2023-07-06,Basic: Cointegration,CNP,CRL,W05_BAS
5,2023-07-06,Basic: Cointegration,ADSK,COR,W05_BAS
5,2023-07-06,Basic: Cointegration,ADSK,CPB,W05_BAS
5,2023-07-06,Basic: Cointegration,ABBV,BR,W05_BAS
5,2023-07-06,Basic: Cointegration,ABBV,AVB,W05_BAS
5,2023-07-06,Basic: Cointegration,BX,CPB,W05_BAS
5,2023-07-06,Basic: Cointegration,ABBV,AMZN,W05_BAS
5,2023-07-06,Basic: Cointegration,ADSK,BMY,W05_BAS
5,2023-07-06,Basic: Cointegration,AMGN,APA,W05_BAS
5,2023-07-06,Basic: Cointegration,ADM,BMY,W05_BAS
5,2023-07-06,Basic: Cointegration,ABNB,AMGN,W05_BAS
5,2023-07-06,Basic: Cointegration,ALB,CBOE,W05_BAS
5,2023-07-06,Basic: Cointegration,APA,BMY,W05_BAS
5,2023-07-06,Basic: Cointegration,ADM,ALGN,W05_BAS
5,2023-07-06,Basic: Cointegration,ALL,AMD,W05_BAS
5,2023-07-06,Basic: Cointegration,ADSK,CAH,W05_BAS
5,2023-07-06,Basic: Cointegration,BXP,CBOE,W05_BAS
5,2023-07-06,Basic: Cointegration,AIZ,BIIB,W05_BAS
5,2023-07-06,Advance: SVM,AVGO,CPB,W05_ADV
5,2023-07-06,Advance: SVM,APP,CBOE,W05_ADV
5,2023-07-06,Advance: SVM,APP,COR,W05_ADV
5,2023-07-06,Advance: SVM,APP,BG,W05_ADV
5,2023-07-06,Advance: SVM,ALGN,CAH,W05_ADV
5,2023-07-06,Advance: SVM,CAH,TECH,W05_ADV
5,2023-07-06,Advance: SVM,AMD,CAH,W05_ADV
5,2023-07-06,Advance: SVM,ACGL,AMZN,W05_ADV
5,2023-07-06,Advance: SVM,BLDR,CPB,W05_ADV
5,2023-07-06,Advance: SVM,AMD,CNC,W05_ADV
5,2023-07-06,Advance: SVM,APP,CAH,W05_ADV
5,2023-07-06,Advance: SVM,ABNB,CAH,W05_ADV
5,2023-07-06,Advance: SVM,CAH,CRL,W05_ADV
5,2023-07-06,Advance: SVM,AMAT,CPB,W05_ADV
5,2023-07-06,Advance: SVM,AXON,BG,W05_ADV
5,2023-07-06,Advance: SVM,BALL,CAH,W05_ADV
5,2023-07-06,Advance: SVM,ARES,CPB,W05_ADV
5,2023-07-06,Advance: SVM,ANET,CF,W05_ADV
5,2023-07-06,Advance: SVM,CDNS,CPB,W05_ADV
5,2023-07-06,Advance: SVM,APP,BMY,W05_ADV
5,2023-07-06,Advance: Hybrid,AVY,CPB,W05_ADV
5,2023-07-06,Advance: Hybrid,BMY,CRL,W05_ADV
5,2023-07-06,Advance: Hybrid,BK,CPB,W05_ADV
5,2023-07-06,Advance: Hybrid,ABBV,CRL,W05_ADV
5,2023-07-06,Advance: Hybrid,AMGN,CRL,W05_ADV
5,2023-07-06,Advance: Hybrid,A,CPB,W05_ADV
5,2023-07-06,Advance: Hybrid,ABBV,CHRW,W05_ADV
5,2023-07-06,Advance: Hybrid,BLK,CPB,W05_ADV
5,2023-07-06,Advance: Hybrid,BBY,CBOE,W05_ADV
5,2023-07-06,Advance: Hybrid,BMY,BX,W05_ADV
5,2023-07-06,Advance: Hybrid,BMY,CHRW,W05_ADV
5,2023-07-06,Advance: Hybrid,BAC,CPB,W05_ADV
5,2023-07-06,Advance: Hybrid,ALLE,CPB,W05_ADV
5,2023-07-06,Advance: Hybrid,ACN,CPB,W05_ADV
5,2023-07-06,Advance: Hybrid,CDW,CPB,W05_ADV
5,2023-07-06,Advance: Hybrid,CBRE,CPB,W05_ADV
5,2023-07-06,Advance: Hybrid,APTV,CPB,W05_ADV
5,2023-07-06,Advance: Hybrid,CHRW,CPB,W05_ADV
5,2023-07-06,Advance: Hybrid,BBY,CPB,W05_ADV
5,2023-07-06,Advance: Hybrid,ADSK,CPB,W05_ADV
5,2023-07-06,Advance: Copula,ADP,BG,W05_ADV
5,2023-07-06,Advance: Copula,BMY,CRL,W05_ADV
5,2023-07-06,Advance: Copula,BG,CPB,W05_ADV
5,2023-07-06,Advance: Copula,CBOE,CPB,W05_ADV
5,2023-07-06,Advance: Copula,AZO,BG,W05_ADV
5,2023-07-06,Advance: Copula,BBY,BG,W05_ADV
5,2023-07-06,Advance: Copula,AON,CPB,W05_ADV
5,2023-07-06,Advance: Copula,AOS,CBOE,W05_ADV
5,2023-07-06,Advance: Copula,AVY,CPB,W05_ADV
5,2023-07-06,Advance: Copula,BRK-B,CPB,W05_ADV
5,2023-07-06,Advance: Copula,ADSK,MO,W05_ADV
5,2023-07-06,Advance: Copula,BK,CPB,W05_ADV
5,2023-07-06,Advance: Copula,BLK,CPB,W05_ADV
5,2023-07-06,Advance: Copula,BMY,TECH,W05_ADV
5,2023-07-06,Advance: Copula,A,CPB,W05_ADV
5,2023-07-06,Advance: Copula,BMY,BX,W05_ADV
5,2023-07-06,Advance: Copula,BMY,COF,W05_ADV
5,2023-07-06,Advance: Copula,AMGN,CRL,W05_ADV
5,2023-07-06,Advance: Copula,CRL,LNT,W05_ADV
5,2023-07-06,Advance: Copula,ALLE,CPB,W05_ADV
5,2023-07-06,ML: RandomForest,ADSK,MO,W05_ML:
5,2023-07-06,ML: RandomForest,ADSK,CBOE,W05_ML:
5,2023-07-06,ML: RandomForest,CNP,CRL,W05_ML:
5,2023-07-06,ML: RandomForest,ADSK,COR,W05_ML:
5,2023-07-06,ML: RandomForest,ADSK,CPB,W05_ML:
5,2023-07-06,ML: RandomForest,ABBV,BR,W05_ML:
5,2023-07-06,ML: RandomForest,ABBV,AVB,W05_ML:
5,2023-07-06,ML: RandomForest,BX,CPB,W05_ML:
5,2023-07-06,ML: RandomForest,ABBV,AMZN,W05_ML:
5,2023-07-06,ML: RandomForest,ADSK,BMY,W05_ML:
5,2023-07-06,ML: RandomForest,AMGN,APA,W05_ML:
5,2023-07-06,ML: RandomForest,ADM,BMY,W05_ML:
5,2023-07-06,ML: RandomForest,ABNB,AMGN,W05_ML:
5,2023-07-06,ML: RandomForest,ALB,CBOE,W05_ML:
5,2023-07-06,ML: RandomForest,APA,BMY,W05_ML:
5,2023-07-06,ML: RandomForest,ADM,ALGN,W05_ML:
5,2023-07-06,ML: RandomForest,ALL,AMD,W05_ML:
5,2023-07-06,ML: RandomForest,ADSK,CAH,W05_ML:
5,2023-07-06,ML: RandomForest,BXP,CBOE,W05_ML:
5,2023-07-06,ML: RandomForest,AIZ,BIIB,W05_ML:
5,2023-07-06,ML: MLP,ADSK,CPB,W05_ML:
5,2023-07-06,ML: MLP,COF,CPB,W05_ML:
5,2023-07-06,ML: MLP,ABBV,AMZN,W05_ML:
5,2023-07-06,ML: MLP,ABNB,BMY,W05_ML:
5,2023-07-06,ML: MLP,ABBV,CVNA,W05_ML:
5,2023-07-06,ML: MLP,APP,COR,W05_ML:
5,2023-07-06,ML: MLP,BG,CVNA,W05_ML:
5,2023-07-06,ML: MLP,CPB,CVNA,W05_ML:
5,2023-07-06,ML: MLP,APP,CAH,W05_ML:
6,2024-01-04,Basic: Distance,ACN,COR,W06_BAS
6,2024-01-04,Basic: Distance,APH,COR,W06_BAS
6,2024-01-04,Basic: Distance,AIZ,AKAM,W06_BAS
6,2024-01-04,Basic: Distance,A,CPB,W06_BAS
6,2024-01-04,Basic: Distance,AEE,BBY,W06_BAS
6,2024-01-04,Basic: Distance,ABBV,T,W06_BAS
6,2024-01-04,Basic: Distance,AKAM,COR,W06_BAS
6,2024-01-04,Basic: Distance,ABBV,BBY,W06_BAS
6,2024-01-04,Basic: Distance,ADSK,COR,W06_BAS
6,2024-01-04,Basic: Distance,AOS,CAH,W06_BAS
6,2024-01-04,Basic: Distance,ABBV,CRL,W06_BAS
6,2024-01-04,Basic: Distance,ABBV,BLK,W06_BAS
6,2024-01-04,Basic: Distance,ABT,CF,W06_BAS
6,2024-01-04,Basic: Distance,BA,COR,W06_BAS
6,2024-01-04,Basic: Distance,BKR,BSX,W06_BAS
6,2024-01-04,Basic: Distance,CPB,TECH,W06_BAS
6,2024-01-04,Basic: Distance,ADI,COR,W06_BAS
6,2024-01-04,Basic: Distance,APH,CAH,W06_BAS
6,2024-01-04,Basic: Distance,APA,AWK,W06_BAS
6,2024-01-04,Basic: Distance,ABBV,BXP,W06_BAS
6,2024-01-04,Basic: Cointegration,ACN,COR,W06_BAS
6,2024-01-04,Basic: Cointegration,ADSK,COR,W06_BAS
6,2024-01-04,Basic: Cointegration,AOS,COR,W06_BAS
6,2024-01-04,Basic: Cointegration,ADSK,CBOE,W06_BAS
6,2024-01-04,Basic: Cointegration,AMAT,CAH,W06_BAS
6,2024-01-04,Basic: Cointegration,AZO,BAX,W06_BAS
6,2024-01-04,Basic: Cointegration,ADSK,ALL,W06_BAS
6,2024-01-04,Basic: Cointegration,AMZN,CAH,W06_BAS
6,2024-01-04,Basic: Cointegration,ANET,CBOE,W06_BAS
6,2024-01-04,Basic: Cointegration,AMAT,COR,W06_BAS
6,2024-01-04,Basic: Cointegration,CDNS,COR,W06_BAS
6,2024-01-04,Basic: Cointegration,AVGO,CAH,W06_BAS
6,2024-01-04,Basic: Cointegration,ABNB,CAH,W06_BAS
6,2024-01-04,Basic: Cointegration,AMZN,COR,W06_BAS
6,2024-01-04,Basic: Cointegration,ABNB,AKAM,W06_BAS
6,2024-01-04,Basic: Cointegration,ABNB,COR,W06_BAS
6,2024-01-04,Basic: Cointegration,AVGO,COR,W06_BAS
6,2024-01-04,Basic: Cointegration,APD,GOOGL,W06_BAS
6,2024-01-04,Basic: Cointegration,APD,GOOG,W06_BAS
6,2024-01-04,Basic: Cointegration,ABNB,ATO,W06_BAS
6,2024-01-04,Advance: SVM,AVGO,CF,W06_ADV
6,2024-01-04,Advance: SVM,ANET,BXP,W06_ADV
6,2024-01-04,Advance: SVM,AMZN,CF,W06_ADV
6,2024-01-04,Advance: SVM,ANET,CF,W06_ADV
6,2024-01-04,Advance: SVM,AVGO,CNC,W06_ADV
6,2024-01-04,Advance: SVM,CDNS,CF,W06_ADV
6,2024-01-04,Advance: SVM,BXP,CBOE,W06_ADV
6,2024-01-04,Advance: SVM,AMAT,CNC,W06_ADV
6,2024-01-04,Advance: SVM,ANET,CNC,W06_ADV
6,2024-01-04,Advance: SVM,ALL,AMD,W06_ADV
6,2024-01-04,Advance: SVM,AMD,CF,W06_ADV
6,2024-01-04,Advance: SVM,BKNG,CNP,W06_ADV
6,2024-01-04,Advance: SVM,ABBV,BLDR,W06_ADV
6,2024-01-04,Advance: SVM,AMD,APA,W06_ADV
6,2024-01-04,Advance: SVM,ALGN,BG,W06_ADV
6,2024-01-04,Advance: SVM,CF,GOOGL,W06_ADV
6,2024-01-04,Advance: SVM,AMD,CNC,W06_ADV
6,2024-01-04,Advance: SVM,AMD,BDX,W06_ADV
6,2024-01-04,Advance: SVM,ACGL,BXP,W06_ADV
6,2024-01-04,Advance: SVM,AAPL,ABBV,W06_ADV
6,2024-01-04,Advance: Hybrid,APH,COR,W06_ADV
6,2024-01-04,Advance: Hybrid,ABBV,BBY,W06_ADV
6,2024-01-04,Advance: Hybrid,ADSK,COR,W06_ADV
6,2024-01-04,Advance: Hybrid,CPB,TECH,W06_ADV
6,2024-01-04,Advance: Hybrid,CARR,CBOE,W06_ADV
6,2024-01-04,Advance: Hybrid,AOS,COR,W06_ADV
6,2024-01-04,Advance: Hybrid,ABBV,CBRE,W06_ADV
6,2024-01-04,Advance: Hybrid,ABBV,ALLE,W06_ADV
6,2024-01-04,Advance: Hybrid,ABBV,CHRW,W06_ADV
6,2024-01-04,Advance: Hybrid,ABBV,BALL,W06_ADV
6,2024-01-04,Advance: Hybrid,CPB,CRL,W06_ADV
6,2024-01-04,Advance: Hybrid,BBY,CPB,W06_ADV
6,2024-01-04,Advance: Hybrid,CBOE,COF,W06_ADV
6,2024-01-04,Advance: Hybrid,AEE,APTV,W06_ADV
6,2024-01-04,Advance: Hybrid,ALB,CPB,W06_ADV
6,2024-01-04,Advance: Hybrid,BALL,CNC,W06_ADV
6,2024-01-04,Advance: Hybrid,ABBV,BAX,W06_ADV
6,2024-01-04,Advance: Hybrid,ABT,CDW,W06_ADV
6,2024-01-04,Advance: Hybrid,COR,CRL,W06_ADV
6,2024-01-04,Advance: Hybrid,CHRW,COR,W06_ADV
6,2024-01-04,Advance: Copula,ACN,COR,W06_ADV
6,2024-01-04,Advance: Copula,APH,COR,W06_ADV
6,2024-01-04,Advance: Copula,AIZ,AKAM,W06_ADV
6,2024-01-04,Advance: Copula,A,CPB,W06_ADV
6,2024-01-04,Advance: Copula,AEE,BBY,W06_ADV
6,2024-01-04,Advance: Copula,ABBV,T,W06_ADV
6,2024-01-04,Advance: Copula,AKAM,COR,W06_ADV
6,2024-01-04,Advance: Copula,ABBV,BBY,W06_ADV
6,2024-01-04,Advance: Copula,ADSK,COR,W06_ADV
6,2024-01-04,Advance: Copula,AOS,CAH,W06_ADV
6,2024-01-04,Advance: Copula,ABBV,CRL,W06_ADV
6,2024-01-04,Advance: Copula,ABBV,BLK,W06_ADV
6,2024-01-04,Advance: Copula,ABT,CF,W06_ADV
6,2024-01-04,Advance: Copula,BA,COR,W06_ADV
6,2024-01-04,Advance: Copula,BKR,BSX,W06_ADV
6,2024-01-04,Advance: Copula,CPB,TECH,W06_ADV
6,2024-01-04,Advance: Copula,ADI,COR,W06_ADV
6,2024-01-04,Advance: Copula,APH,CAH,W06_ADV
6,2024-01-04,Advance: Copula,APA,AWK,W06_ADV
6,2024-01-04,Advance: Copula,ABBV,BXP,W06_ADV
6,2024-01-04,ML: RandomForest,ACN,COR,W06_ML:
6,2024-01-04,ML: RandomForest,ADSK,COR,W06_ML:
6,2024-01-04,ML: RandomForest,AOS,COR,W06_ML:
6,2024-01-04,ML: RandomForest,ADSK,CBOE,W06_ML:
6,2024-01-04,ML: RandomForest,AMAT,CAH,W06_ML:
6,2024-01-04,ML: RandomForest,AZO,BAX,W06_ML:
6,2024-01-04,ML: RandomForest,ADSK,ALL,W06_ML:
6,2024-01-04,ML: RandomForest,AMZN,CAH,W06_ML:
6,2024-01-04,ML: RandomForest,ANET,CBOE,W06_ML:
6,2024-01-04,ML: RandomForest,AMAT,COR,W06_ML:
6,2024-01-04,ML: RandomForest,CDNS,COR,W06_ML:
6,2024-01-04,ML: RandomForest,AVGO,CAH,W06_ML:
6,2024-01-04,ML: RandomForest,ABNB,CAH,W06_ML:
6,2024-01-04,ML: RandomForest,AMZN,COR,W06_ML:
6,2024-01-04,ML: RandomForest,ABNB,AKAM,W06_ML:
6,2024-01-04,ML: RandomForest,ABNB,COR,W06_ML:
6,2024-01-04,ML: RandomForest,AVGO,COR,W06_ML:
6,2024-01-04,ML: RandomForest,APD,GOOGL,W06_ML:
6,2024-01-04,ML: RandomForest,APD,GOOG,W06_ML:
6,2024-01-04,ML: RandomForest,ABNB,ATO,W06_ML:
6,2024-01-04,ML: MLP,ADI,CPB,W06_ML:
6,2024-01-04,ML: MLP,AMAT,COR,W06_ML:
6,2024-01-04,ML: MLP,CDNS,COR,W06_ML:
6,2024-01-04,ML: MLP,AMZN,COR,W06_ML:
6,2024-01-04,ML: MLP,ANET,COR,W06_ML:
6,2024-01-04,ML: MLP,ABNB,COR,W06_ML:
6,2024-01-04,ML: MLP,ALGN,CBOE,W06_ML:
6,2024-01-04,ML: MLP,ALB,CBOE,W06_ML:
6,2024-01-04,ML: MLP,AMGN,ANET,W06_ML:
6,2024-01-04,ML: MLP,AMAT,BMY,W06_ML:
6,2024-01-04,ML: MLP,AMD,COR,W06_ML:
6,2024-01-04,ML: MLP,AMAT,CPB,W06_ML:
6,2024-01-04,ML: MLP,BMY,CDNS,W06_ML:
6,2024-01-04,ML: MLP,AMZN,CPB,W06_ML:
6,2024-01-04,ML: MLP,ACGL,CVNA,W06_ML:
6,2024-01-04,ML: MLP,ABBV,CVNA,W06_ML:
